,titulo,precio,imagen
0,Daft Punk - Lienzo decorativo para pared (20 x 30 cm),"13,93",<img src='https://m.media-amazon.com/images/I/611fsQaOo2L._AC_UL320_.jpg'>
1,Daft Punk Discovery - Lienzo decorativo para pared (30 x 45 cm),"17,41",<img src='https://m.media-amazon.com/images/I/61+z9rpIO8L._AC_UL320_.jpg'>
2,Daft Punk - 3 pósteres decorativos para pared (30 x 45 cm),"17,46",<img src='https://m.media-amazon.com/images/I/61lP8GeXO8L._AC_UL320_.jpg'>
3,"Daft Punk - Póster decorativo de 24 unidades, 20 x 30 cm","13,93",<img src='https://m.media-amazon.com/images/I/51kPgjh360L._AC_UL320_.jpg'>
4,Random Access Memories,"6,99",<img src='https://m.media-amazon.com/images/I/61Uxg-SWExL._AC_UL320_.jpg'>
5,Discovery,"21,81",<img src='https://m.media-amazon.com/images/I/51KFRrMsbyL._AC_UL320_.jpg'>
6,Daft Punk - Interstella 5555: The 5tory of the 5ecret 5tar 5ystem,No existe precio,<img src='https://m.media-amazon.com/images/I/81Pm-wU084L._AC_UL320_.jpg'>
7,Guirca 13695 - Casco Disc Jockey,"14,89",<img src='https://m.media-amazon.com/images/I/51vExmuUqPL._AC_UL320_.jpg'>
8,discovery,No existe precio,<img src='https://m.media-amazon.com/images/I/71s4lMxThwL._AC_UL320_.jpg'>
9,The Many Faces Of Daft Punk 3cd,"21,88",<img src='https://m.media-amazon.com/images/I/51M3x0gbRzL._AC_UL320_.jpg'>
10,Interstella 5555 [Reino Unido] [DVD],"16,56",<img src='https://m.media-amazon.com/images/I/51XJXv0lSVL._AC_UL320_.jpg'>
11,Daft Punk - Human After All & Daft Club (Coffrets) (2 CD),"22,42",<img src='https://m.media-amazon.com/images/I/41BwiuepXbL._AC_UL320_.jpg'>
12,Daft Club [Vinilo],No existe precio,<img src='https://m.media-amazon.com/images/I/61X+X09dmVL._AC_UL320_.jpg'>
13,Cosplay casco hombres máscara de traje réplica DJ accesorios para Halloween disfraces ropa mercancía,"113,36",<img src='https://m.media-amazon.com/images/I/61gdKeezcGL._AC_UL320_.jpg'>
14,alive 1997,No existe precio,<img src='https://m.media-amazon.com/images/I/71qly6BNZsL._AC_UL320_.jpg'>
15,Camisetas La Colmena 278-Daft Punk - Saviors (Fuacka),"15,90",<img src='https://m.media-amazon.com/images/I/619Bw9Sv5nL._AC_UL320_.jpg'>
16,Harder Better,"12,07",<img src='https://m.media-amazon.com/images/I/51c1wv3i5+L._AC_UL320_.jpg'>
17,"Funidelia | Casco Daft Punk para Hombre y Mujer ▶ Cantantes, Grupos Musicales - Color: Blanco, Accesorio para Disfraz - Divertidos Disfraces y complementos","16,99",<img src='https://m.media-amazon.com/images/I/61g2vft9D8L._AC_UL320_.jpg'>
18,Tron: Legacy,"3,99",<img src='https://m.media-amazon.com/images/I/91HDjpq2SqL._AC_UL320_.jpg'>
19,Tron,"2,99",<img src='https://m.media-amazon.com/images/I/815f7hnSgYL._AC_UL320_.jpg'>
20,"Same [David Bowie,Daft Punk...",No existe precio,<img src='https://m.media-amazon.com/images/I/51UCz8B-feL._AC_UL320_.jpg'>
21,Get Lucky in the Style of Daft Punk,No existe precio,<img src='https://m.media-amazon.com/images/I/61UOlEun6xS._AC_UL320_.jpg'>
22,Polydans [Vinilo],"22,99",<img src='https://m.media-amazon.com/images/I/71CW4sfnX5L._AC_UL320_.jpg'>
23,Box Alive 2007 / Alive 1997 [Vinilo],No existe precio,<img src='https://m.media-amazon.com/images/I/71BJwKQGOHL._AC_UL320_.jpg'>
24,Daft Punk Figura RAH 1/6 Thomas Bangalter White Suit Ver. 30 cm,"350,00",<img src='https://m.media-amazon.com/images/I/31z8CBmbq4L._AC_UL320_.jpg'>
25,Disco dorado firmado por Daft Punk,"18,60",<img src='https://m.media-amazon.com/images/I/713XQihU29L._AC_UL320_.jpg'>
26,"Daft Punk - Burnin' - Virgin - VST 1649, Virgin - 724389455168",No existe precio,<img src='https://m.media-amazon.com/images/I/5160DXBL5DS._AC_UL320_.jpg'>
27,Kiva Can Do Season 1,No existe precio,<img src='https://m.media-amazon.com/images/I/81LTCM5FS2L._AC_UL320_.jpg'>
28,"Daft Punk 2 Póster decorativo de lienzo para pared, sala de estar, dormitorio, 30 x 45 cm","17,46",<img src='https://m.media-amazon.com/images/I/61Tal6kjecL._AC_UL320_.jpg'>
29,WYCY Persianas Luminosas LED Gafas Iluminadas Control de Aplicaciones Pantalla a Todo Color Gafas LED Gafas Luminosas USB para Disfraces de Halloween Fiesta Discotecas Fiesta de Cumpleaños,"29,99",<img src='https://m.media-amazon.com/images/I/71oSWVt3-rL._AC_UL320_.jpg'>
30,"liutao Daft Punk Dj - Póster decorativo para pared, diseño de Dj (40 x 60 cm)","23,10",<img src='https://m.media-amazon.com/images/I/51wDRhfJR1L._AC_UL320_.jpg'>
31,"GSSL Póster de música abstracta Splash de la celebridad cantante Daft Punk, póster artístico y arte de pared, moderno póster de decoración de dormitorio familiar de 30 x 45 cm","20,96",<img src='https://m.media-amazon.com/images/I/71X3l6yg68L._AC_UL320_.jpg'>
32,83151 - Figura Daft Punk Guy Manuel De Homem Christo (15 cm),"299,00",<img src='https://m.media-amazon.com/images/I/618NJzXGAEL._AC_UL320_.jpg'>
33,Stylowears Chaqueta de cuero Daft Punk,"116,80",<img src='https://m.media-amazon.com/images/I/61fWBNaHg1L._AC_UL320_.jpg'>
34,"WERTQ Póster decorativo de Daft Punk Royal, lienzo para pared, sala de estar, póster, dormitorio, pintura, 50 x 75 cm",No existe precio,<img src='https://m.media-amazon.com/images/I/61VBxyo1kvL._AC_UL320_.jpg'>
35,"Daft Punk 2 Póster decorativo de lienzo para pared, sala de estar, dormitorio, 30 x 45 cm","17,46",<img src='https://m.media-amazon.com/images/I/61Tal6kjecL._AC_UL320_.jpg'>
36,Demon Days (Reed),"8,79",<img src='https://m.media-amazon.com/images/I/71M8yXz6o7L._AC_UL320_.jpg'>
37,Abbey Road - 50 Aniversario [Vinilo],"30,64",<img src='https://m.media-amazon.com/images/I/81dUVKQDBEL._AC_UL320_.jpg'>
38,Tron Legacy: Reconfigured (Original Soundtrack) [Vinilo],"56,15",<img src='https://m.media-amazon.com/images/I/61jHbLEli3L._AC_UL320_.jpg'>
39,Daft Punk Unchained [Francia] [Blu-ray],"17,51",<img src='https://m.media-amazon.com/images/I/71q4k-+Sw+L._AC_UL320_.jpg'>
40,Daft Punk 13 - Póster de lona para pared (60 x 90 cm),No existe precio,<img src='https://m.media-amazon.com/images/I/61KPNguWUGS._AC_UL320_.jpg'>
41,Daft Punk Pack (Musique Vol 1 (1993-2005) / Daft Club / Interstella 5555 NTSC Standard The 5tory Of The 5ecret 5tar 5ystem) [2CD + DVD],No existe precio,<img src='https://m.media-amazon.com/images/I/61PzGkMXheL._AC_UL320_.jpg'>
42,"Daft Punk - D.A.F.T. : A Story about Dogs, Androids, Firemen and Tomatoes [Reino Unido] [DVD]","9,95",<img src='https://m.media-amazon.com/images/I/51DVP7J-9oL._AC_UL320_.jpg'>
43,Musique Vol.1 1993-2005 (Ed. Standard),No existe precio,<img src='https://m.media-amazon.com/images/I/61EBamxG3SL._AC_UL320_.jpg'>
44,Men's Short Sleeve T-Shirt Themeili Daft_Punk Inspired Comfortable Cotton Round Neck Fashion T-Shirt,"18,26",<img src='https://m.media-amazon.com/images/I/61kcWftPgYS._AC_UL320_.jpg'>
45,Daft Punk Music Poster 5 Póster decorativo de la pared del arte de la pared de la sala de estar carteles pintura del dormitorio 60 x 90 cm,"138,52",<img src='https://m.media-amazon.com/images/I/71AS6GG2GgS._AC_UL320_.jpg'>
46,Gift Pack,"22,35",<img src='https://m.media-amazon.com/images/I/2171Y2FGPJL._AC_UL320_.jpg'>
47,GUONA Daft Punk Poster Art Painting Coffee House Bar Decoration Retro Poster Waterproof and Durable HD 50 * 70 Cm Canvas Frameless Poster,"20,65",<img src='https://m.media-amazon.com/images/I/71V5ioxRm9S._AC_UL320_.jpg'>
48,Homework/Discovery/Alive 1997 [Vinilo],No existe precio,<img src='https://m.media-amazon.com/images/I/51gOXtNt+gL._AC_UL320_.jpg'>
49,One More Time [Vinilo][Club Mix],No existe precio,<img src='https://m.media-amazon.com/images/I/41esgI3qPZL._AC_UL320_.jpg'>
50,Tron: Legacy -2lp- [Vinilo],No existe precio,<img src='https://m.media-amazon.com/images/I/71pebkQOKeL._AC_UL320_.jpg'>
51,"XUYAN Daft Punk - Póster estético y pared (60 x 90 cm), diseño moderno","144,86",<img src='https://m.media-amazon.com/images/I/61wFIQHyb+L._AC_UL320_.jpg'>
52,Homework,"31,20",<img src='https://m.media-amazon.com/images/I/71A1gmVPm-L._AC_UL320_.jpg'>
53,Actual Fact Daft Punk Bordado Negro Camiseta,"23,24",<img src='https://m.media-amazon.com/images/I/71qEJjNV3XL._AC_UL320_.jpg'>
54,DILITECK Póster abstracto de Daft Punk Casco Póster de Música Pósters Daft Punk Póster Lienzo Impresiones para Decoración del Hogar 30 x 45 cm,No existe precio,<img src='https://m.media-amazon.com/images/I/61XO7iyzdcL._AC_UL320_.jpg'>
55,One More Time,No existe precio,<img src='https://m.media-amazon.com/images/I/71axlQbDSPL._AC_UL320_.jpg'>
56,Daft Punk 25 - Lienzo decorativo para pared (30 x 45 cm),"33,66",<img src='https://m.media-amazon.com/images/I/61OGZMHXcyL._AC_UL320_.jpg'>
57,Daft Punk - 6 pósteres decorativos para pared (30 x 45 cm),"17,41",<img src='https://m.media-amazon.com/images/I/61vba5hod0L._AC_UL320_.jpg'>
58,ASDSA Daft Punk - Lienzo decorativo para pared (20 x 30 cm),"15,09",<img src='https://m.media-amazon.com/images/I/71kKWD4s5wL._AC_UL320_.jpg'>
59,Daft Punk - Póster decorativo para pared (30 x 45 cm),"33,66",<img src='https://m.media-amazon.com/images/I/51u3ukmwRVL._AC_UL320_.jpg'>
