,titulo,precio
0,Apple iPhone 11 (64 GB) - de en Verde,"629,00", <src="https://m.media-amazon.com/images/I/71w3oJ7aWyL._AC_UL640_FMwebp_QL65_.jpg"> 
1,Apple iPhone SE (64 GB) - en Blanco,"399,00"
2,Apple iPhone XR (128 GB) - (Product) Red,"619,04"
3,Apple iPhone 11 Pro MAX (512 GB) - Plata,"1.248,00"
4,Nuevo Apple iPhone 12 (128 GB) - Azul,"876,52"
5,Apple iPhone SE (64 GB) - en Blanco,"399,00"
6,Apple iPhone 8 64GB Oro (Reacondicionado),"189,00"
7,Apple iPhone 11 (64 GB) - en Blanco,"629,00"
8,Apple iPhone X 64GB Plata (Reacondicionado),"369,00"
9,Nuevo Apple iPhone 12 Pro (128 GB) - Plata,"989,00"
10,Nuevo Apple iPhone 12 Mini (128 GB) - en Negro,"756,52"
11,"Apple iPhone 12 Pro 15,5 cm (6.1"") 256 GB SIM Doble 5G Grafito iOS 14 iPhone 12 Pro, 15,5 cm (6.1""), 2532 x 1170 Pixeles, 256 GB, 12 MP, iOS 14, Grafito","1.288,90"
12,"Apple iPhone 12 Pro MAX 17 cm (6.7"") 128 GB SIM Doble 5G Plata iOS 14 iPhone 12 Pro MAX, 17 cm (6.7""), 2778 x 1284 Pixeles, 128 GB, 12 MP, iOS 14, Plata","1.248,90"
13,Nuevo Apple iPhone 12 Pro MAX (512 GB) - Plata,"1.560,00"
14,Apple iPhone XR 64 GB Blanco (Reacondicionado),"361,00"
15,"Apple iPhone 12 15,5 cm (6.1"") 64 GB SIM Doble 5G Azul iOS 14 iPhone 12, 15,5 cm (6.1""), 2532 x 1170 Pixeles, 64 GB, 12 MP, iOS 14, Azul","800,90"
16,Apple iPhone XR (64 GB) - en Negro,"589,00"
17,Apple iPhone 7 32GB Oro Rosado (Reacondicionado),"163,00"
18,Apple iPhone 8 64GB Space Grey (Reacondicionado),"205,99"
19,"Apple iPhone 12 Pro MAX 17 cm (6.7"") 256 GB SIM Doble 5G Azul iOS 14 iPhone 12 Pro MAX, 17 cm (6.7""), 2778 x 1284 Pixeles, 256 GB, 12 MP, iOS 14, Azul","1.412,90"
20,"Apple iPhone 12 Pro MAX 17 cm (6.7"") 128 GB SIM Doble 5G Azul iOS 14 iPhone 12 Pro MAX, 17 cm (6.7""), 2778 x 1284 Pixeles, 128 GB, 12 MP, iOS 14, Azul","1.248,90"
21,Apple iPhone XS 64 GB Gris Espacial (Reacondicionado),"396,99"
22,"Apple iPhone 12 Pro MAX 17 cm (6.7"") 256 GB SIM Doble 5G Plata iOS 14 iPhone 12 Pro MAX, 17 cm (6.7""), 2778 x 1284 Pixeles, 256 GB, 12 MP, iOS 14, Plata","1.291,30"
23,"Apple iPhone 12 Pro MAX 17 cm (6.7"") 256 GB SIM Doble 5G Oro iOS 14 iPhone 12 Pro MAX, 17 cm (6.7""), 2778 x 1284 Pixeles, 256 GB, 12 MP, iOS 14, Oro","1.372,90"
24,"Apple iPhone 12 Pro 15,5 cm (6.1"") 128 GB SIM Doble 5G Azul iOS 14 iPhone 12 Pro, 15,5 cm (6.1""), 2532 x 1170 Pixeles, 128 GB, 12 MP, iOS 14, Azul","1.177,90"
25,"Apple iPhone SE 2a Generación, 64GB, Negro (Reacondicionado)","352,00"
26,Apple iPhone 8 Plus 64GB Gris Espacial (Reacondicionado),"319,00"
27,"Apple iPhone 8 - Smartphone (11,9 cm (4.7""), 1334 x 750 Pixeles, 64 GB, 12 MP, iOS 11, Rojo) (Reacondicionado)","229,00"
28,Apple iPhone XR 128 GB Rojo (Reacondicionado),"429,00"
29,Apple iPhone 8 64GB Gold (Renewed),"200,00"
30,"Apple iPhone 12 Mini 13,7 cm (5.4"") 64 GB SIM Doble 5G Azul iOS 14 iPhone 12 Mini, 13,7 cm (5.4""), 2340 x 1080 Pixeles, 64 GB, 12 MP, iOS 14, Azul",No existe precio
31,"Apple iPhone 12 15,5 cm (6.1"") 128 GB SIM Doble 5G Negro iOS 14 iPhone 12, 15,5 cm (6.1""), 2532 x 1170 Pixeles, 128 GB, 12 MP, iOS 14, Negro","927,90"
32,Apple iPhone 11 Pro Max 512GB - Gris Espacial - Desbloqueado (Reacondicionado),"894,99"
33,Apple iPhone 11 Pro 64GB - Oro - Desbloqueado (Reacondicionado),"709,99"
34,"Apple iPhone 12 Pro MAX 17 cm (6.7"") 128 GB SIM Doble 5G Grafito iOS 14 iPhone 12 Pro MAX, 17 cm (6.7""), 2778 x 1284 Pixeles, 128 GB, 12 MP, iOS 14, Grafito","1.248,90"
35,Apple iPhone 11 Pro Max 64GB - Verde Noche - Desbloqueado (Reacondicionado),"744,99"
36,Apple iPhone 7 Plus 128GB - Nergro Brillante - Desbloqueado (Reacondicionado),"274,00"
37,"Apple iPhone 12 Pro 15,5 cm (6.1"") 512 GB SIM Doble 5G Grafito iOS 14 iPhone 12 Pro, 15,5 cm (6.1""), 2532 x 1170 Pixeles, 512 GB, 12 MP, iOS 14, Grafito","1.547,90"
38,"Apple iPhone 12 Pro 15,5 cm (6.1"") 128 GB SIM Doble 5G Grafito iOS 14 iPhone 12 Pro, 15,5 cm (6.1""), 2532 x 1170 Pixeles, 128 GB, 12 MP, iOS 14, Grafito","1.187,90"
39,Apple iPhone 11 64GB Negro (Reacondicionado),"559,00"
40,"Apple iPhone 12 Pro 15,5 cm (6.1"") 256 GB SIM Doble 5G Plata iOS 14 iPhone 12 Pro, 15,5 cm (6.1""), 2532 x 1170 Pixeles, 256 GB, 12 MP, iOS 14, Plata","1.214,40"
41,"POCO X3 Pro - Smartphone 6+128 GB, 6,67” 120Hz FHD+DotDisplay, Snapdragon 860, Cámara Cuádruple de 48 MP, 5160mAh, Bronce Metálico","190,99"
42,"Apple iPhone 12 15,5 cm (6.1"") 64 GB SIM Doble 5G Negro iOS 14 iPhone 12, 15,5 cm (6.1""), 2532 x 1170 Pixeles, 64 GB, 12 MP, iOS 14, Negro","878,90"
43,"Apple iPhone SE 11,9 cm (4.7"") 64 GB Ranura híbrida Dual SIM 4G Rojo iOS 13 iPhone SE, 11,9 cm (4.7""), 1334 x 750 Pixeles, 64 GB, 12 MP, iOS 13, Rojo",No existe precio
44,"Apple iPhone 12 Pro 15,5 cm (6.1"") 256 GB SIM Doble 5G Oro iOS 14 iPhone 12 Pro, 15,5 cm (6.1""), 2532 x 1170 Pixeles, 256 GB, 12 MP, iOS 14, Oro","1.288,90"
45,"Apple iPhone 12 Pro 15,5 cm (6.1"") 512 GB SIM Doble 5G Plata iOS 14 iPhone 12 Pro, 15,5 cm (6.1""), 2532 x 1170 Pixeles, 512 GB, 12 MP, iOS 14, Plata","1.422,90"
46,Apple iPhone 11 256GB - Blanco - Desbloqueado (Reacondicionado),"644,99"
47,Apple iPhone 7 Plus 128GB Plata (Reacondicionado),"278,00"
48,"Apple iPhone SE 11,9 cm (4.7"") 64 GB Ranura híbrida Dual SIM 4G Blanco iOS 14 iPhone SE, 11,9 cm (4.7""), 1334 x 750 Pixeles, 64 GB, 12 MP, iOS 14, Blanco","508,90"
49,"Apple iPhone 12 Pro MAX 17 cm (6.7"") 512 GB SIM Doble 5G Azul iOS 14 iPhone 12 Pro MAX, 17 cm (6.7""), 2778 x 1284 Pixeles, 512 GB, 12 MP, iOS 14, Azul","1.647,90"
50,Apple iPhone 11 256GB - Negro - Desbloqueado (Reacondicionado),"644,99"
51,"Apple iPhone 7, Smartphone 32 GB, Plata (Reacondicionado)","163,00"
52,"KSTORE365 2 Piezas, Cristal Templado para iPhone 12 Pro, 9H Dureza, Protector De Pantalla, Vidrio Templado, Adhesivo En Todo El Cristal, Marco Guia Alienacion para iPhone 12 Pro","8,99"
53,"4G Teléfono Móvil Resistente 2020 OUKITEL WP5, Batería de 8000 mAh, Smartphone Impermeable IP6, 4 Luces de Flash LED, MTK6761 4GB + 32GB, 13MP + 2MP + 2MP, Android 9.0, Reconocimiento Facial Naranja","129,99"
54,elago MS1 Soporte de Carga Compatible con la Cargador Magsafe - Soporte de Silicona Premium Compatible con Modelos de iPhone 12 [Magsafe No Incluidos] (Rosa Piedra),"21,99"
55,"bokman Batería para iPhone 6s 2300mAh, Batería de Polímero de Iones de Litio de Alta Capacidad de 3,82v con Kit de Herramientas y Tiras Adhesivas","15,99"
56,Native Union Belt Cable XL USB-A a Lightning - Cable Reforzado Ultrarresistente de 3 m [con Certificado MFi] Compatible con iPhone/iPad (Indigo),"36,99"
57,Native Union Cable Night - Cable USB-C a Lightning Reforzado y Ultrarresistente de 3 m [Certificado MFi] con Lastre de Nudo Compatible con iPhone/iPad (Zebra),"49,99"
58,"bokman LCD Pantalla para iPhone XR, Táctil LCD Reemplazo con Herramientas de Reparación","75,99"
59,"Cable Cargador iPhone, PIPIKA 5Pack [0,25M 0,5M 1M 2M 3M] Cable de nylon Lightning para carga rápida Cable de iPhone para iPhone 12,11, 11 pro, XS, XS Max, XR, X, 8, 8 Plus, 7, 7 Plus, 6s, 6","9,99"
